date,txVolume_USD,txCount,marketcap_USD,price_USD,exchangeVolume_USD,generatedCoins,fees
01-01-17,1543775.96,16152,123453000,1.4,3570370,32678.28125,8.785772069
02-01-17,1968248.142,16930,122159000,1.44,3098340,33010.15625,9.126870206
03-01-17,3606834.505,17470,125771000,1.49,5508620,32301.40625,9.421558199
04-01-17,5718404.868,18135,130536000,1.76,7173020,33898.28125,10.01664389
05-01-17,4608025.568,18727,154605000,1.61,7339060,32931.875,10.1145324
06-01-17,3618067.07,17886,142529000,1.51,3402610,32394.53125,9.565929967
07-01-17,2464062.522,17191,132231000,1.44,3523930,33308.75,9.143820361
08-01-17,858294.2155,17744,126377000,1.45,1085530,32639.84375,9.416235218
09-01-17,1311247.001,18958,127367000,1.41,1833120,32738.59375,10.11944892
10-01-17,6795870.394,18895,123839000,1.43,1161360,32351.25,10.38812949
11-01-17,3361249.165,15949,125722000,1.18,3176450,32078.75,8.457106816
12-01-17,2255295.042,28083,103032000,1.22,1906150,32298.59375,8.697433458
13-01-17,1032938.195,19107,106440000,1.21,1510150,32537.96875,8.844104783
14-01-17,437462.2647,17553,106020000,1.2,574209,32026.40625,9.261979093
15-01-17,522691.0399,16764,105800000,1.19,748170,31638.28125,8.974013548
16-01-17,1754516.755,17274,104251000,1.18,368937,31619.84375,9.340017869
17-01-17,1316729.26,17722,103624000,1.21,1531790,31458.90625,10.2493291
18-01-17,1074569.285,18089,106445000,1.2,984448,31568.28125,8.874481712
19-01-17,1327725.908,18785,105903000,1.17,686642,32231.25,13.25443642
20-01-17,2158896.429,19564,103069000,1.34,4968780,32512.96875,9.071532657
21-01-17,1670478.386,19831,118279000,1.41,3094200,32157.03125,9.818742682
22-01-17,1643525.705,19672,124520000,1.38,1770900,31874.6875,10.00010568
23-01-17,2177679.814,19657,122297000,1.41,797981,32111.40625,10.07624417
24-01-17,815664.2165,20092,122697000,1.36,921969,32248.4375,10.29614005
25-01-17,1409628.011,19997,119962000,1.29,1373550,32316.40625,10.15440215
26-01-17,742010.8493,18376,113854000,1.33,948543,32192.1875,9.335306498
27-01-17,1158528.227,17351,117575000,1.28,1341760,31166.40625,8.816192659
28-01-17,556627.763,16353,113059000,1.3,513562,31082.34375,8.301172981
29-01-17,471288.4608,16154,115225000,1.3,308654,30941.09375,8.259220338
30-01-17,850327.0377,15920,114748000,1.35,564097,31231.40625,8.231552388
31-01-17,983586.3728,15993,119181000,1.36,1080040,31283.125,8.127487987
01-02-17,858348.1707,16840,120212000,1.36,738198,31076.09375,8.62313037
02-02-17,572087.6949,16877,119811000,1.36,486080,31089.53125,8.643954119
03-02-17,967496.7245,17186,120305000,1.36,985487,31502.5,9.077734888
04-02-17,725815.3368,16818,120607000,1.39,888228,31574.21875,8.519895713
05-02-17,599560.6035,16046,123124000,1.39,734278,31684.53125,8.055490417
06-02-17,2043353.744,18188,123057000,1.47,2217650,32457.5,9.380740933
07-02-17,2059494.569,19736,130982000,1.47,1381580,31653.28125,10.47464371
08-02-17,1989029.841,19750,130979000,1.45,1227740,32129.6875,10.37890434
09-02-17,3283845.976,21373,129031000,1.27,4496600,31035.78125,10.70549359
10-02-17,5240692.969,19840,113045000,1.26,1814640,31612.1875,10.20642558
11-02-17,2178800.311,20300,111538000,1.24,1627780,31726.5625,10.44074095
12-02-17,5695022.348,20467,109633000,1.23,1574630,31499.84375,10.70952496
13-02-17,4548009.523,21286,108925000,1.19,1459080,31964.84375,10.95230601
14-02-17,2931226.314,21924,106179000,1.25,1588940,31624.6875,11.324695
15-02-17,1812282.164,21094,110928000,1.26,1164420,32185.46875,10.91478652
16-02-17,2175986.914,20833,112162000,1.24,1067180,31729.0625,10.74002213
17-02-17,1461741.364,21042,109732000,1.23,781116,32285.46875,10.89144132
18-02-17,1118963.375,21090,109624000,1.22,1130150,32144.0625,10.96872106
19-02-17,1315002.33,21186,108590000,1.22,642421,31712.34375,10.86827077
20-02-17,881216.2003,21555,108897000,1.22,609461,31764.375,11.10936376
21-02-17,1758140.228,18222,108797000,1.24,1034130,31940.15625,9.092988144
22-02-17,3180999.771,22106,110732000,1.21,1014370,31908.90625,11.55252243
23-02-17,1894656.48,22479,108040000,1.22,1254060,31950,11.57068017
24-02-17,3130362.138,22082,109710000,1.21,2141280,31741.875,11.51077519
25-02-17,1735068.463,21229,107563000,1.21,1337270,31980.625,11.34915664
26-02-17,2633583.609,21259,108135000,1.25,1486190,32132.03125,10.97720581
27-02-17,1492642.462,21323,111240000,1.23,1284690,31577.96875,11.04352597
28-02-17,2571449.791,21161,110317000,1.24,1444190,32092.03125,10.9937768
01-03-17,3084985.229,21675,110412000,1.4,4561930,32502.65625,11.06748543
02-03-17,3654408.061,22199,124927000,1.36,3776100,31342.5,10.77193534
03-03-17,6242096.865,20151,122017000,1.44,4159960,32142.8125,10.14427366
04-03-17,4747260.914,21310,128748000,1.43,2412650,32266.875,11.08232481
05-03-17,2715044.565,20562,128238000,1.4,1580650,31561.09375,10.6125341
06-03-17,2789053.387,19652,125032000,1.43,1172880,31675.46875,8.941613642
07-03-17,5695831.615,21546,128228000,1.37,2220840,31839.6875,11.1167344
08-03-17,2961665.69,21193,122982000,1.29,1960780,32312.96875,11.12893544
09-03-17,4320775.826,20726,115319000,1.32,1248670,31394.53125,10.69101783
10-03-17,2724192.755,21691,118799000,1.3,4351910,32039.0625,12.30943927
11-03-17,1700383.031,21248,116335000,1.38,1985600,31926.875,27.80449804
12-03-17,3435391.367,21715,124142000,1.42,3137590,32590,11.33315767
13-03-17,12414078.55,19988,127735000,1.65,9504840,30674.53125,10.43069133
14-03-17,4904769.149,19815,148130000,1.66,9565220,30024.0625,10.27341738
15-03-17,7660965.076,20327,148644000,1.8,5906800,30455.625,44.2547963
16-03-17,13617942.65,20721,162466000,2.13,19379700,29468.59375,13.97175794
17-03-17,17890665.09,22700,187614000,1.91,20132500,29808.4375,13.83941782
18-03-17,8874238.624,20011,171119000,1.7,9267590,30873.90625,10.41331646
19-03-17,8653435.744,20372,153490000,1.92,6790520,30171.71875,10.96205429
20-03-17,6297719.78,19976,173892000,1.95,6100770,29859.6875,10.62885921
21-03-17,10683009.93,21329,175087000,2.43,21455000,31623.28125,11.14009594
22-03-17,13407722.28,23226,218160000,2.4,18969200,30919.21875,13.06517796
23-03-17,3840122.507,21245,215468000,2.29,7279450,30528.4375,12.61442322
24-03-17,12560362.79,21740,206033000,2.41,12123700,30482.1875,20.0848114
25-03-17,5666059.098,21002,218022000,2.28,7542960,30251.09375,11.12085042
26-03-17,3367391.41,21130,205706000,2.31,4810060,30502.96875,10.97871553
27-03-17,7690296.062,21658,212515000,2.13,7221650,30000.625,12.93673048
28-03-17,7650579.092,21931,192717000,2.27,7125770,30524.0625,11.47677229
29-03-17,4447783.202,21851,204442000,2.33,5549740,30904.84375,11.49967518
30-03-17,10205760.25,22001,209841000,2.83,19426400,30923.59375,11.39844923
31-03-17,15268321.04,25701,252768000,2.83,24881200,32158.28125,13.38374621
01-04-17,16166419.55,23609,254292000,2.76,6321790,30229.0625,12.3400309
02-04-17,10171057.6,22235,248588000,2.64,10883300,30725.625,11.49939702
03-04-17,6857699.583,22535,239440000,2.6,9722960,30946.09375,11.60996815
04-04-17,3692652.376,21279,235018000,2.67,6273250,31118.59375,11.06967664
05-04-17,4877933.224,20990,241974000,2.76,5603160,30728.28125,11.68431259
06-04-17,8616788.916,22106,248631000,2.68,10892200,31049.375,11.46710223
07-04-17,11792599.32,24051,241422000,2.73,5287300,30501.5625,25.20192575
08-04-17,7766934.625,22343,244756000,2.72,6855690,31041.875,11.62395792
09-04-17,5585920.234,22360,245821000,2.64,6335860,31056.25,12.46992842
10-04-17,5978736.028,22677,239316000,2.6,5163570,30151.5625,12.39302391
11-04-17,3893228.977,21825,235280000,2.54,3092580,30683.28125,11.26173069
12-04-17,3146979.663,23172,229734000,2.62,4452230,30775.15625,12.24565213
13-04-17,3512887.653,23048,237470000,2.62,5216010,30304.84375,12.08639899
14-04-17,4978231.809,21051,238045000,2.64,6137310,31231.5625,11.23140876
15-04-17,5152715.857,21079,239360000,2.68,3488550,30295.625,11.06913927
16-04-17,2815027.8,21363,242861000,2.63,3454270,31198.59375,11.06712834
17-04-17,5400902.705,21280,238216000,2.62,3539730,30332.65625,11.01058666
18-04-17,29992873.05,22379,237684000,2.89,12008300,31484.0625,11.69015262
19-04-17,10590524.28,22935,261650000,3.14,18424100,31435,11.96290039
20-04-17,14146970.65,24665,286485000,3.28,25077400,31652.1875,12.88874809
21-04-17,6957736.799,24056,297930000,3.18,12069800,30630,12.67325684
22-04-17,3645941.574,23012,289096000,3.23,5842940,31293.28125,12.05026375
23-04-17,10380664.91,23206,293703000,3.54,17227400,31097.8125,15.76283317
24-04-17,28555504.74,25194,324863000,4.05,42912000,32274.21875,13.37513702
25-04-17,31867139.32,25246,368833000,3.96,25195800,30685,16.56879224
26-04-17,44683985.84,25635,361613000,4.59,46981900,31734.375,13.46702381
27-04-17,30977275.03,27429,418466000,4.95,57485800,31190.15625,14.73719101
28-04-17,15465924.86,29065,450848000,4.84,29110500,30090.78125,18.11606614
29-04-17,20196191.94,23685,444253000,5.42,36329100,31640.15625,12.55235863
30-04-17,45768101.74,27576,496272000,6.52,82888200,31943.4375,15.00769751
01-05-17,70068872.95,29397,591840000,6.89,118589000,31654.53125,15.59041427
02-05-17,35725268.27,28255,632910000,6.58,56020100,31396.40625,15.08938727
03-05-17,44973147.16,28487,597190000,6.67,35759200,31213.125,15.02282232
04-05-17,27754712.37,29753,609121000,7.63,61868400,31068.4375,15.72447799
05-05-17,45428994.15,28922,701217000,7.53,60387300,31761.71875,15.24409711
06-05-17,25553138.89,27531,689342000,7.27,31552400,31437.03125,14.41708829
07-05-17,30008601.65,28806,666100000,7.12,36206300,31612.1875,17.62009328
08-05-17,52254558.54,31969,650286000,6.66,38785200,31206.25,19.12830478
09-05-17,32188612.67,28734,609381000,6.44,58464400,31416.875,16.10893747
10-05-17,39399778.18,29038,587732000,6.6,34371500,31116.25,42.79362528
11-05-17,22001894.72,27222,605901000,6.48,21112300,31507.03125,14.45700411
12-05-17,26315644.22,27825,592771000,6.34,18365500,31360.78125,14.42666579
13-05-17,9684140.148,25471,579371000,6.14,12663500,30965.3125,13.81160731
14-05-17,7975800.331,18749,565543000,6.83,29682700,32251.09375,9.542583351
15-05-17,22356158.93,25854,625436000,6.41,19609300,30879.21875,14.13733248
16-05-17,11616721.52,24740,585399000,6.26,22364100,31466.40625,13.63924277
17-05-17,16979332.98,25285,571892000,5.93,29290700,30932.96875,14.22359327
18-05-17,36265012.74,29469,543449000,6.73,41864200,31495.625,22.01282212
19-05-17,51877383.49,30521,616144000,7.99,90591100,31268.4375,17.10180508
20-05-17,19999160.34,26019,733122000,7.41,38813800,31259.21875,13.95766633
21-05-17,37736564.16,26580,678664000,9.4,64632100,31146.5625,14.05348182
22-05-17,81698096.13,31772,826321000,9.9,169832000,31543.59375,17.04304687
23-05-17,77042508.82,28922,915912000,11.94,116546000,32206.71875,15.56224823
24-05-17,242809599,43966,1104910000,18.87,319906000,34417.34375,25.0597231
25-05-17,179798788,45696,1767600000,16.35,575964000,32688.28125,27.99982131
26-05-17,90404396.88,36363,1519550000,14.26,321918000,31130.78125,21.94282533
27-05-17,88276675.72,33897,1282250000,16.26,220003000,31561.40625,18.32673371
28-05-17,65983068.2,34206,1523730000,16.13,159009000,31736.25,20.82516063
29-05-17,60061526.99,32166,1494310000,17.1,100235000,30763.59375,17.84326672
30-05-17,66392092.69,32857,1577830000,18.54,151989000,31261.71875,18.46132905
31-05-17,78954377.04,34299,1726710000,17.68,169218000,31016.5625,20.5726996
01-06-17,60193943.6,32615,1624040000,16.83,129554000,32288.4375,21.55718565
02-06-17,40924972.12,29223,1552150000,17.38,74579100,30947.5,16.34265074
03-06-17,33371391.39,28432,1603910000,16.26,94317500,31554.84375,15.12927201
04-06-17,34655954.53,32374,1508760000,17.48,105612000,31259.6875,31.86350736
05-06-17,43372502.41,28582,1607200000,17.31,65380500,31602.03125,15.47200903
06-06-17,48547751.91,30170,1601600000,17.49,94322300,31081.5625,17.04152509
07-06-17,45353422,30181,1615920000,17.51,133332000,31950,16.63889191
08-06-17,25595437.68,37349,1619690000,17.54,52434000,31167.34375,18.81667891
09-06-17,48101969.16,33369,1620430000,17.45,57805600,31489.84375,16.33417628
10-06-17,167017130.1,29987,1612890000,19.66,195638000,31022.34375,16.03186262
11-06-17,131247315.4,36418,1803650000,21.57,415109000,32371.25,34.06383363
12-06-17,129431592.7,27086,1995200000,20.33,315523000,30275.46875,13.80194126
13-06-17,85038374.44,31615,1874700000,20.74,153774000,30928.59375,16.92283962
14-06-17,42977515.84,25683,1921790000,18.84,126599000,31504.0625,13.61553305
15-06-17,53973495.75,25695,1746400000,18.36,178225000,31377.1875,13.34337091
16-06-17,39490709.03,24539,1697750000,18.4,89917100,31372.34375,12.58031348
17-06-17,80299729.54,27400,1703170000,23.27,415397000,31946.09375,14.94319886
18-06-17,161706338.8,29842,2134890000,22.07,489569000,31758.125,14.86383285
19-06-17,56113848.46,30216,2044860000,22.95,270192000,31512.5,14.78232239
20-06-17,40447823.73,28980,2135600000,21.68,161373000,32122.96875,13.98119184
21-06-17,41045206.18,27233,2013030000,20.7,166313000,32151.25,13.48277737
22-06-17,43784438.03,25544,1927380000,20.79,89949500,31520.3125,12.58872475
23-06-17,29637227.05,24865,1931450000,21.34,77701100,31995.625,12.31105111
24-06-17,34128256.47,25505,1984090000,20.19,64584600,30948.59375,12.16962336
25-06-17,76499604.92,29510,1871250000,21.42,441712000,32282.65625,15.08135762
26-06-17,57971702.03,27861,2001190000,19.58,269996000,31717.5,14.41424627
27-06-17,88647100.6,28377,1830180000,19.14,304733000,31366.09375,14.12220913
28-06-17,43915154.11,27720,1782010000,19.65,181039000,31156.5625,12.80518623
29-06-17,23599261.37,26755,1825930000,18.66,102812000,31584.53125,12.20426001
30-06-17,53057886.7,27736,1731060000,18.92,120634000,31610.15625,13.4783683
01-07-17,24640895.02,26450,1745950000,17.81,64563300,31843.125,12.26310746
02-07-17,29744276.53,27054,1652150000,17.91,88689500,31096.09375,12.79989918
03-07-17,29289750.79,27180,1669210000,17.85,80328000,31393.28125,12.81010573
04-07-17,26468258.68,29539,1662670000,18.05,85616700,32106.40625,14.14127331
05-07-17,34733473.14,26676,1682750000,17.77,57671900,31413.125,12.71445746
06-07-17,30126808.18,28244,1657550000,17.91,62603300,31307.5,13.52227929
07-07-17,22139398.28,28202,1675380000,16.75,63005000,31616.875,13.51172046
08-07-17,31469867.6,27846,1562560000,16.99,113998000,31459.53125,13.44760592
09-07-17,24038744.04,26309,1584440000,16.26,56397400,31484.0625,12.24604891
10-07-17,34477848.69,28439,1516460000,15.48,146147000,32461.5625,13.91612483
11-07-17,112833847.7,34329,1421880000,14.72,194378000,31768.59375,17.18489055
12-07-17,196364902.6,47310,1373170000,19.94,725473000,33060.15625,26.31302037
13-07-17,112107352.9,42028,1874350000,18.36,429173000,31333.90625,22.2655175
14-07-17,78042844.61,33700,1722240000,17.55,215528000,31773.90625,16.54384332
15-07-17,75651688.96,32902,1646950000,14.77,243159000,31202.1875,16.44773321
16-07-17,66375310.34,33583,1376490000,14.18,249231000,31825.78125,17.10632514
17-07-17,75921184.73,36337,1348150000,15.5,300782000,31549.53125,19.01461332
18-07-17,64670170.89,32690,1451740000,16.4,282383000,31585,16.48951933
19-07-17,46041221.62,30230,1538640000,14.83,153459000,30193.4375,14.58295621
20-07-17,50253132.2,31223,1400840000,16.06,179261000,31299.375,15.3658009
21-07-17,41645069.66,29200,1510790000,16.14,178167000,31564.84375,14.81186855
22-07-17,28984214.61,26470,1511020000,16.51,70103300,31436.875,12.91818043
23-07-17,23947349.43,32411,1549590000,15.78,76647400,31319.84375,33.38086172
24-07-17,22217453.62,32797,1486560000,15.88,38370000,31129.6875,22.05691958
25-07-17,35829033.58,30237,1491550000,14.92,74645500,31958.28125,17.09694494
26-07-17,26646851.5,29473,1395600000,14.77,46058800,31658.90625,16.71186147
27-07-17,12457735.23,28923,1390780000,14.66,28722600,31364.21875,16.10850957
28-07-17,19911979.83,29739,1376840000,14.16,48972400,31834.53125,16.95427022
29-07-17,24780688.36,30675,1330870000,14.4,65494300,31396.875,23.49083346
30-07-17,12355066.54,28705,1347810000,13.81,37797400,31604.6875,15.97947517
31-07-17,25778104.39,31409,1295940000,14,44660400,31915.15625,17.84610682
01-08-17,23887226.41,28905,1319170000,14.57,86270500,31225,16.86147492
02-08-17,34004462.6,31253,1374450000,14.77,81127100,31987.1875,17.32649988
03-08-17,33531803.71,39430,1390050000,15.37,74707900,31703.59375,42.53898458
04-08-17,26458544.27,32960,1447760000,15.04,51110000,31409.6875,18.78704023
05-08-17,63547994.2,39393,1415870000,15.93,98290900,31211.25,29.08659345
06-08-17,32224709.93,35315,1504680000,15.35,81856700,31236.5625,22.56239457
07-08-17,51049136.02,36486,1445300000,15.31,59522900,31372.1875,23.29733114
08-08-17,42999175.84,34177,1442970000,15.88,88294200,31145.15625,20.90835509
09-08-17,46250399.46,32990,1497320000,15.38,95728900,31720.625,17.85532378
10-08-17,42602330.81,36034,1453210000,15.19,42596500,31247.34375,19.01085616
11-08-17,37507396.03,33348,1431410000,15.17,46330400,31477.65625,18.13206278
12-08-17,36225675.68,34702,1433430000,14.81,50077000,31170.625,18.82296362
13-08-17,37797486.27,34646,1396350000,14.3,58116600,31148.125,19.03230323
14-08-17,47665280.73,35650,1350180000,14.08,38585500,31364.21875,19.49336723
15-08-17,34342128.28,34366,1330550000,13.69,49456900,31632.65625,18.68186707
16-08-17,24129966.09,33456,1294140000,14.19,77467600,31147.96875,18.81272287
17-08-17,33816570.07,35875,1346400000,13.93,50306000,31607.5,19.48949008
18-08-17,25184621.68,35757,1314260000,13.81,70150100,31635.78125,19.42461133
19-08-17,38375602.81,33276,1311790000,13.7,48175900,31475.625,18.0659301
20-08-17,18702935.04,32274,1295520000,13.89,40155000,31877.5,17.04931952
21-08-17,45004864.9,35019,1316110000,14.56,114021000,30709.375,19.27656773
22-08-17,44085091.09,33829,1380860000,14.39,97160200,31994.375,18.35607561
23-08-17,91312514.4,39405,1372030000,15.29,325317000,31981.5625,22.52311465
24-08-17,72398230.58,37868,1456290000,15.14,105296000,31512.65625,20.82833548
25-08-17,27604606.07,33846,1434760000,15.28,49610500,32035.46875,18.1005962
26-08-17,21375154.64,30405,1450080000,15.29,41284600,31141.71875,16.5609338
27-08-17,35301266.1,36481,1449670000,16.02,150740000,31968.59375,28.78895375
28-08-17,44529735.89,37330,1527600000,15.79,96308800,31422.8125,20.06432213
29-08-17,35624522.72,37559,1499090000,15.79,68677500,31348.4375,20.46716998
30-08-17,43787373.25,37159,1500740000,15.66,66337400,31489.21875,19.56075398
31-08-17,42207303.17,35588,1489950000,16.38,86584900,31495.46875,19.32206191
01-09-17,256881695.9,50233,1559510000,21.94,821440000,33827.65625,27.76919207
02-09-17,159758186.7,44689,2096550000,20.08,648787000,31813.4375,22.99096184
03-09-17,71210997.86,37932,1920050000,18.57,221986000,31275.9375,20.06759898
04-09-17,64674872.68,40688,1764650000,15.84,243535000,31557.5,22.45665478
05-09-17,78438471.81,39503,1506490000,16.58,218190000,31306.5625,21.4916341
06-09-17,126943731.7,42888,1579610000,19.02,228007000,32081.875,22.62008842
07-09-17,44597618.82,37275,1810900000,17.81,187201000,31287.34375,20.61597961
08-09-17,62609151.36,37795,1701770000,15.2,269884000,31509.84375,20.78143897
09-09-17,64662355.79,39149,1443530000,14.89,131722000,31053.28125,21.95700127
10-09-17,86182792.17,38963,1415090000,13.66,210528000,31397.96875,22.1403449
11-09-17,64002276.08,37721,1299470000,14.61,142588000,31469.6875,21.14181187
12-09-17,77680878.7,36647,1399560000,14.44,167338000,31508.59375,25.83597305
13-09-17,54465877.74,35444,1379350000,14.11,103257000,31536.09375,25.75082449
14-09-17,53492773.85,38863,1341200000,9.13,220330000,31694.84375,24.36063069
15-09-17,103151656.4,45196,868471000,10.24,434921000,30784.53125,27.02995315
16-09-17,44521123.32,41382,978667000,9.93,146996000,31687.8125,23.9487552
17-09-17,25026907.68,37306,948141000,10.02,55522700,31243.75,23.29728386
18-09-17,53228835.47,40104,957337000,11.79,117958000,30959.21875,26.48756804
19-09-17,30714252.43,36182,1131850000,11.48,69938100,31410.3125,22.69851633
20-09-17,24978592.54,34416,1094120000,11.25,41369200,31159.375,20.95226486
21-09-17,29446645.98,35807,1072660000,10.07,39347200,31227.65625,20.99364481
22-09-17,15526955.62,33300,967000000,10.26,31855800,32685.78125,19.74573898
23-09-17,17631126.52,31501,978077000,10.61,27727300,31187.8125,18.09047045
24-09-17,16851583.76,32748,1016090000,10.44,21480300,31860.625,19.36038201
25-09-17,15384451.35,33618,997582000,10.86,34197100,31114.21875,21.54838047
26-09-17,24724444.1,34374,1041640000,11.24,84319600,31939.6875,23.22638814
27-09-17,38132457.17,36158,1077120000,12.65,119565000,31639.21875,21.43730396
28-09-17,36345272.19,39376,1211380000,12.73,175932000,31892.03125,33.48524062
29-09-17,30937610.63,34462,1225220000,12.52,123657000,31443.125,26.83922098
30-09-17,26143743.19,35718,1200620000,12.98,81530800,31503.90625,25.9994742
01-10-17,13346194.99,32175,1246600000,12.74,44133200,31503.59375,20.30070448
02-10-17,18451339.86,34293,1223910000,12.44,36422500,31269.21875,21.24934418
03-10-17,10023863.03,32944,1198270000,12.41,38300200,31706.875,20.77984177
04-10-17,7161845.007,32494,1190230000,11.97,23010900,31365.3125,20.00830357
05-10-17,8742318.99,34282,1150570000,11.95,26552900,31240.78125,27.14349327
06-10-17,8626094.109,33930,1148890000,12.34,30320700,31682.96875,21.11869853
07-10-17,8093582.576,33514,1185190000,12.28,18414400,31639.0625,20.02658505
08-10-17,11069404.87,33457,1181440000,12.12,32447800,31148.75,20.65769671
09-10-17,22992814.17,34626,1166960000,11.5,40264100,31598.90625,21.08011197
10-10-17,13219243.11,35844,1107010000,11.54,27818000,31635.15625,23.50432901
11-10-17,13515356.16,44732,1112470000,11.49,17991900,31492.5,37.46918953
12-10-17,22610631.4,44830,1109090000,11.96,56959300,31545.625,38.0474657
13-10-17,25041368.93,38102,1157100000,12.18,79837000,31202.65625,26.0773688
14-10-17,14823214.86,55032,1176620000,12.26,38425100,31412.5,34.38281324
15-10-17,9165509.29,57751,1180820000,11.95,52181800,31399.21875,35.98740983
16-10-17,13615154.22,38909,1153060000,11.89,28608500,31325.9375,25.46215069
17-10-17,32227049.05,40655,1148970000,11.92,75268900,30739.6875,32.3487303
18-10-17,21475693.08,36908,1151010000,11.53,55644800,31072.65625,27.56068206
19-10-17,18140229.42,37071,1112650000,11.34,25045400,31694.84375,30.46688523
20-10-17,12136325.72,36578,1097270000,11.22,28250900,31368.59375,31.2526223
21-10-17,10850836.54,37352,1083120000,10.92,20451400,31497.1875,29.54243542
22-10-17,8237169.72,36387,1057170000,10.83,19648600,31413.59375,26.54138272
23-10-17,21391386.52,38202,1046200000,10.28,39358200,31594.21875,27.98924958
24-10-17,19074188.2,38539,994988000,10.6,41969800,31376.5625,27.92590689
25-10-17,9153050.367,35080,1024260000,10.63,25582600,31259.53125,23.08403979
26-10-17,18876991.87,37049,1028580000,10.5,18961900,31517.8125,25.4320519
27-10-17,23555295.24,36579,1015860000,10.38,21540100,31347.34375,23.09881088
28-10-17,9772673.186,34292,1007430000,10.55,24204100,31141.09375,21.05856896
29-10-17,16908703.3,35981,1026380000,10.86,65005200,31419.84375,24.09563747
30-10-17,17316816.62,37241,1050600000,10.87,20081700,31600.625,29.33610092
31-10-17,16478281.86,38157,1053730000,10.62,27241200,31103.28125,26.3239951
01-11-17,18666041.87,39580,1028310000,10.26,30011800,31742.34375,28.48899914
02-11-17,18370305.21,36559,996639000,10.24,39190200,31024.84375,23.59151075
03-11-17,28688896.34,38671,993753000,12.66,146543000,32210.15625,25.0624713
04-11-17,33642340.81,40036,1226190000,11.89,149319000,30994.0625,23.87420176
05-11-17,63531851.34,39155,1152170000,13.24,333395000,32859.84375,24.40365413
06-11-17,71541246.84,43044,1292090000,14.33,435668000,31765,25.80472629
07-11-17,39393246.79,37863,1374590000,13.92,173761000,31012.65625,24.70340474
08-11-17,38596848.65,36596,1369880000,14.02,139534000,31293.90625,22.57119799
09-11-17,33065319.8,34800,1359370000,14.21,129201000,31290.625,21.04408792
10-11-17,59892360.28,38140,1380350000,14.6,299857000,32374.6875,23.38987397
11-11-17,124668280.3,46565,1423270000,19.42,958982000,33113.4375,28.34318336
12-11-17,100039833.5,48545,1894610000,15.18,697453000,30316.09375,29.06418552
13-11-17,86597488.2,41849,1490890000,16.11,350880000,30864.21875,31.08734426
14-11-17,84438053,39018,1566510000,17.87,449738000,31772.03125,25.10732043
15-11-17,50070126.43,38100,1738580000,17.55,149567000,31226.71875,23.73228258
16-11-17,40671232.85,38789,1706140000,16.88,182721000,31463.59375,24.03503309
17-11-17,52175142.98,38148,1635500000,17.24,150957000,31826.25,23.8493411
18-11-17,42948571.72,38965,1679120000,17.72,159453000,31459.6875,24.35128025
19-11-17,34191549.81,37031,1730450000,17.92,110618000,31682.03125,25.02244844
20-11-17,72897553.85,38984,1750630000,18.39,147752000,31783.59375,33.54488862
21-11-17,59092485.54,37015,1796380000,17.8,186210000,31710.78125,24.69875072
22-11-17,108749119.6,41388,1732980000,17.99,93779000,31833.90625,28.92474275
23-11-17,50651704.71,39748,1760670000,18.23,186523000,31047.34375,31.72097045
24-11-17,95284381.41,42593,1785000000,21.45,373045000,31623.4375,29.78696208
25-11-17,81024153.9,45380,2084820000,21.71,370135000,32033.28125,37.05570137
26-11-17,68668954.26,42245,2124930000,22.22,494333000,31866.09375,31.92239258
27-11-17,133900947.5,48544,2167620000,25.75,718945000,32150.9375,40.96633168
28-11-17,426558220.7,65917,2519340000,33.98,1640680000,33525.9375,54.88709519
29-11-17,155399833.3,58631,3326880000,25.42,919393000,30840.625,40.88470389
30-11-17,111519969.8,48196,2546530000,28.19,968075000,31545.78125,33.31294786
01-12-17,122000324.1,41745,2737970000,31.2,853735000,32642.8125,29.29306087
02-12-17,105064700.1,47087,3055410000,30.8,605113000,31677.1875,29.50757589
03-12-17,73546920.16,43776,3016140000,30.46,401675000,31501.71875,27.13701374
04-12-17,73504534.64,45821,2984910000,30.4,274351000,31450.9375,29.42513706
05-12-17,106517898.7,59401,2981630000,30.39,331677000,31363.59375,36.59154977
06-12-17,133867732.3,49051,2991890000,27.86,407100000,31207.03125,32.25854906
07-12-17,102673115.9,46765,2738670000,26.82,449013000,31534.375,33.36533146
08-12-17,203958583.8,52007,2639940000,30.05,581400000,31447.8125,43.24340195
09-12-17,150165026.6,45920,2923310000,29.09,585616000,31652.34375,34.34413251
10-12-17,78029137.13,42455,2870390000,26.51,463748000,31137.8125,29.91288709
11-12-17,72197344.74,45837,2602010000,27.64,470359000,31273.125,31.37930158
12-12-17,294385426.8,54586,2728370000,30.32,819045000,31019.0625,39.63637219
13-12-17,239983813.2,51684,2978500000,29.72,688511000,30592.8125,38.35655316
14-12-17,199033922.2,45543,2914580000,31.96,632755000,31360.78125,35.42851466
15-12-17,108988148.1,51853,3150230000,32.09,526730000,31375.46875,40.11228405
16-12-17,165399586.8,53810,3151410000,34.78,1104770000,31775.15625,43.72388416
17-12-17,115343329.2,44112,3423520000,34.79,428826000,31697.65625,30.23814921
18-12-17,266246469.7,52566,3431130000,39.4,1072100000,31480.625,38.67396767
19-12-17,222893753.8,52016,3880300000,40.27,931713000,31361.25,40.90287049
20-12-17,237444823.2,52029,3976420000,44.05,920793000,31538.59375,40.88538052
21-12-17,265051874,54486,4321050000,42.1,825239000,31213.90625,40.93868501
22-12-17,195952092.3,46685,4180300000,30.96,817384000,31624.84375,32.03917442
23-12-17,269439550.5,51905,3109180000,32.73,385223000,30947.03125,43.54896833
24-12-17,119590800.1,50578,3253910000,30.78,316553000,31502.65625,47.68160498
25-12-17,105594756.9,43781,3047860000,32.35,258235000,31381.71875,38.91393677
26-12-17,133011839.3,44721,3201840000,32.9,317646000,31360.46875,43.55103794
27-12-17,155609075.7,43386,3239130000,32.14,217743000,31605.78125,29.98360493
28-12-17,80263456.9,39575,3173780000,29.53,307104000,31326.875,29.28657247
29-12-17,109002424.8,48350,2926400000,30.03,239663000,31673.4375,37.84772424
30-12-17,94485537.83,44232,2965900000,26.92,241645000,30658.4375,33.93544446
31-12-17,92007237.11,40115,2640600000,28,169331000,30895.9375,29.58017002
01-01-18,139875313.8,41373,2770760000,34.17,870413000,31836.09375,30.85317713
